Date Stocked,Location stocked,Catchment,Species stocked,Number stocked
3/01/2009,Goondiwindi (Hilton) Weir,Border Rivers,Murray Cod,5000
3/01/2009,Macintyre River,Border Rivers,Murray Cod,1298
10/01/2009,Pukallus Weir,Brisbane,Golden Perch,34000
10/01/2009,Surat Weir,Condamine and Balonne,Murray Cod,7500
10/01/2009,Surat Weir,Condamine and Balonne,Golden Perch,20000
11/01/2009,Goondiwindi (Hilton) Weir,Border Rivers,Golden Perch,35000
16/01/2009,Yarramalong Weir,Condamine and Balonne,Murray Cod,20000
17/01/2009,Goondiwindi (Hilton) Weir,Border Rivers,Golden Perch,35000
17/01/2009,Talgai Weir,Condamine and Balonne,Golden Perch,10695
18/01/2009,Severn River,Border Rivers,Golden Perch,10000
18/01/2009,Severn River,Border Rivers,Murray Cod,2597
24/01/2009,Moura Weir,Fitzroy,Golden Perch,50000
24/01/2009,Talgai Weir,Condamine and Balonne,Murray Cod,770
24/01/2009,Mount Morgan Big Dam,Fitzroy,Golden Perch,4500
26/01/2009,Surat Weir,Condamine and Balonne,Golden Perch,45454
2/02/2009,Chinchilla Weir,Condamine and Balonne,Golden Perch,23607
3/02/2009,Dumaresq River,Border Rivers,Golden Perch,5000
3/02/2009,Accommoation Creek,Border Rivers,Golden Perch,5000
3/02/2009,Beehive Dam,Border Rivers,Golden Perch,7000
7/02/2009,Gil Weir,Condamine and Balonne,Golden Perch,10000
7/02/2009,Gil Weir,Condamine and Balonne,Murray Cod,1000
8/02/2009,Goondiwindi (Hilton) Weir,Border Rivers,Golden Perch,20000
14/02/2009,Beehive Dam,Border Rivers,Murray Cod,4000
14/02/2009,Beehive Dam,Border Rivers,Golden Perch,6667
15/02/2009,Gil Weir,Condamine and Balonne,Silver Perch,21375
15/02/2009,Macintyre River,Border Rivers,Golden Perch,13000
15/02/2009,Macintyre River,Border Rivers,Murray Cod,4250
15/02/2009,Macintyre River,Border Rivers,Murray Cod,4250
15/02/2009,Gil Weir,Condamine and Balonne,Murray Cod,300
15/02/2009,Gil Weir,Condamine and Balonne,Golden Perch,16375
17/02/2009,Talgai Weir,Condamine and Balonne,Murray Cod,2500
17/02/2009,Talgai Weir,Condamine and Balonne,Golden Perch,9148
25/02/2009,McCauley Weir,Brisbane,Golden Perch,18200
28/02/2009,Surat Weir,Condamine and Balonne,Silver Perch,5000
28/02/2009,Beardmore Dam,Condamine and Balonne,Murray Cod,6000
28/02/2009,Beardmore Dam,Condamine and Balonne,Golden Perch,47682
1/03/2009,Gil Weir,Condamine and Balonne,Murray Cod,2000
10/03/2009,Lake Awoonga,Gladstone,Mangrove Jack,57900
22/03/2009,Bonshaw Weir,Border Rivers,Golden Perch,38888
22/03/2009,Beebo Weir,Border Rivers,Golden Perch,38888
24/03/2009,Glebe Weir,Fitzroy,Golden Perch,16363
26/03/2009,Neville Hewitt Weir,Fitzroy,Golden Perch,32600
28/03/2009,Talgai Weir,Condamine and Balonne,Silver Perch,5350
1/07/2009,BAROON POCKET DAM,Mary River,Australian Bass,19000
9/07/2009,Lake Awoonga,Gladstone,Barramundi,300
7/08/2009,Chinchilla Weir,Condamine and Balonne,Murray Cod,6494
29/10/2009,Theresa Creek Dam,Fitzroy,Barramundi,1500
14/11/2009,Lenthalls Dam (Lake Lenthall),Mary,Australian Bass,25000
17/11/2009,Charters Towers Weir,Burdekin,Barramundi,10101
13/12/2009,Mt Crosby Weir,Brisbane,Australian Bass,30303
19/12/2009,Gil Weir,Condamine and Balonne,Golden Perch,20000
3/01/2010,Caboolture River Weir,Caboolture,Australian Bass,14000
6/01/2010,Jones Weir,Burnett,Australian Bass,25000
17/01/2010,Wambo Creek,Condamine and Balonne,Murray Cod,1000
17/01/2010,Chinchilla Weir,Condamine and Balonne,Murray Cod,3600
17/01/2010,Condamine River (near Chinchilla),Condamine and Balonne,Murray Cod,1000
17/01/2010,Charleys Creek,Condamine and Balonne,Murray Cod,1400
21/01/2010,Fitzroy River Barrage,Fitzroy,Barramundi,10000
24/01/2010,Surat Weir,Condamine and Balonne,Murray Cod,5000
26/01/2010,Surat Weir,Condamine and Balonne,Golden Perch,37500
6/02/2010,Charleys Creek,Condamine and Balonne,Golden Perch,3000
6/02/2010,Condamine River (near Chinchilla),Condamine and Balonne,Golden Perch,5000
6/02/2010,Condamine River (near Chinchilla),Condamine and Balonne,Golden Perch,2500
6/02/2010,Wambo Creek,Condamine and Balonne,Golden Perch,1000
6/02/2010,Chinchilla Weir,Condamine and Balonne,Golden Perch,15600
8/02/2010,Glenlyon Dam,Border Rivers,Murray Cod,5000
8/02/2010,Glenlyon Dam,Border Rivers,Golden Perch,42000
14/02/2010,Lake Borumba,Mary,Silver Perch,19000
17/02/2010,Surat Weir,Condamine and Balonne,Silver Perch,13475
6/03/2010,Gorizzia's Lagoon,Burdekin,Barramundi,250
6/03/2010,Hutchinga Lagoon,Burdekin,Barramundi,250
6/03/2010,Favero's Lagoon,Burdekin,Barramundi,250
6/03/2010,Payards Lagoon,Burdekin,Barramundi,250
6/03/2010,Churches Lagoon,Burdekin,Barramundi,250
6/03/2010,Dicks Bank Lagoon,Burdekin,Barramundi,250
28/03/2010,Lake Awoonga,Gladstone,Barramundi,133000
10/04/2010,Lake Awoonga,Gladstone,Barramundi,127000
17/04/2010,Gleeson Weir,Townsville,Barramundi,613
17/04/2010,Herbert River,Herbet,Barramundi,8741
18/04/2010,Marian Weir,Pioneer,Barramundi,1000
11/05/2010,Wuruma Dam,Burnett,Golden Perch,1900
15/05/2010,Charters Towers Weir,Burdekin,Barramundi,13500
22/05/2010,Stanley River,Brisbane,Silver Perch,1000
22/05/2010,Stanley River,Brisbane,Australian Bass,3000
22/05/2010,Stanley River,Brisbane,Golden Perch,1600
24/05/2010,Wivenhoe Dam,Brisbane,Golden Perch,40000
1/06/2010,Leslie Dam,Condamine and Balonne,Silver Perch,34329
13/08/2010,Burdekin Dam/Lake Dalrymple,Burdekin,Barramundi,5000
24/08/2010,Kinchant Dam,Pioneer,Barramundi,400
28/08/2010,Peter Faust Dam,Whitsundays,Barramundi,3000
2/09/2010,Burdekin Dam/Lake Dalrymple,Burdekin,Barramundi,5032
18/09/2010,Peter Faust Dam,Whitsundays,Barramundi,3200
2/10/2010,Charters Towers Weir,Burdekin,Barramundi,2900
13/10/2010,Leslie Dam,Condamine and Balonne,Silver Perch,15671
15/10/2010,Dicks Bank Lagoon,Burdekin,Barramundi,150
31/10/2010,Teemburra Dam,Pioneer,Barramundi,5000
1/11/2010,Norman River,Gulf,Barramundi,232
4/11/2010,Peter Faust Dam,Whitsundays,Barramundi,3000
5/11/2010,Lake MacDonald,Mary,Australian Bass,30000
6/11/2010,Cania Dam,Burnett,Australian Bass,35354
6/11/2010,Black Weir,Townsville,Barramundi,836
10/11/2010,Koombooloomba Dam,Tully,Barramundi,3000
14/11/2010,Boondooma Dam,Burnett,Australian Bass,100000
14/11/2010,Theresa Creek Dam,Fitzroy,Barramundi,625
19/11/2010,Fred Haigh Dam,Kolan,Australian Bass,101010
19/11/2010,Leslie Dam,Condamine and Balonne,Golden Perch,50000
20/11/2010,Lenthalls Dam (Lake Lenthall),Mary,Australian Bass,80000
21/11/2010,Boondooma Dam,Burnett,Australian Bass,20000
24/11/2010,Tinaroo Dam,Barron,Barramundi,4000
26/11/2010,Lake Borumba,Mary,Australian Bass,40000
27/11/2010,Lake Gregory,Burnett,Australian Bass,30303
29/11/2010,Lake Borumba,Mary,Golden Perch,40000
2/12/2010,Lake Dyer,Brisbane,Golden Perch,8000
2/12/2010,Lenthalls Dam (Lake Lenthall),Mary,Barramundi,5500
3/12/2010,Boondooma Dam,Burnett,Golden Perch,75000
4/12/2010,North Pine Dam,Pine,Australian Bass,80808
4/12/2010,Oakey Creek,Condamine and Balonne,Murray Cod,1500
4/12/2010,Macintyre River,Border Rivers,Murray Cod,5303
10/12/2010,Wivenhoe Dam,Brisbane,Golden Perch,74900
11/12/2010,Wivenhoe Dam,Brisbane,Australian Bass,124186
11/12/2010,Somerset Dam,Brisbane,Australian Bass,199047
12/12/2010,Glenlyon Dam,Border Rivers,Golden Perch,80000
15/12/2010,Fairbairn Dam,Fitzroy,Golden Perch,20000
17/12/2010,Fairbairn Dam,Fitzroy,Golden Perch,20000
19/12/2010,Boondooma Dam,Burnett,Golden Perch,75000
19/12/2010,Boondooma Dam,Burnett,Golden Perch,75000
20/12/2010,Bjelke Peterson Dam,Burnett,Australian Bass,180000
21/12/2010,Fred Haigh Dam,Kolan,Barramundi,83000
23/12/2010,Lake Dyer,Brisbane,Australian Bass,7000
24/12/2010,Bjelke Peterson Dam,Burnett,Golden Perch,150000
5/01/2011,Lenthalls Dam (Lake Lenthall),Mary,Barramundi,15000
5/01/2011,Glenlyon Dam,Border Rivers,Golden Perch,100000
5/01/2011,Fred Haigh Dam,Kolan,Barramundi,17820
9/01/2011,Lake Awoonga,Gladstone,Barramundi,207000
13/01/2011,Condamine River (Upper),Condamine and Balonne,Murray Cod,200
13/01/2011,Connolly Dam,Condamine and Balonne,Murray Cod,200
13/01/2011,Leslie Dam,Condamine and Balonne,Murray Cod,10000
13/01/2011,Connolly Dam,Condamine and Balonne,Murray Cod,1200
20/01/2011,Callide Dam,Fitzroy,Barramundi,7000
20/01/2011,Callide Dam,Fitzroy,Barramundi,4000
23/01/2011,Maroon Dam,Logan,Golden Perch,26500
23/01/2011,Moogerah Dam,Brisbane,Golden Perch,37500
23/01/2011,Moogerah Dam,Brisbane,Australian Bass,38500
23/01/2011,Maroon Dam,Logan,Australian Bass,31500
26/01/2011,Glenlyon Dam,Border Rivers,Golden Perch,25000
26/01/2011,Glenlyon Dam,Border Rivers,Murray Cod,5000
29/01/2011,Koombooloomba Dam,Tully,Barramundi,1150
29/01/2011,Claude Wharton Weir,Burnett,Golden Perch,50000
29/01/2011,Jones Weir,Burnett,Golden Perch,21500
29/01/2011,Jones Weir,Burnett,Australian Bass,12500
30/01/2011,Claude Wharton Weir,Burnett,Barramundi,4000
30/01/2011,Kinchant Dam,Pioneer,Barramundi,13037
30/01/2011,Claude Wharton Weir,Burnett,Australian Bass,20202
30/01/2011,Wuruma Dam,Burnett,Golden Perch,30000
30/01/2011,Goondiwindi (Hilton) Weir,Border Rivers,Golden Perch,30000
1/02/2011,Leslie Dam,Condamine and Balonne,Golden Perch,80000
3/02/2011,Bonshaw Weir,Border Rivers,Golden Perch,14900
5/02/2011,Condamine River (Upper),Condamine and Balonne,Golden Perch,3500
5/02/2011,Cania Dam,Burnett,Golden Perch,40000
5/02/2011,Kings Creek,Condamine and Balonne,Golden Perch,10000
5/02/2011,Condamine River (Upper),Condamine and Balonne,Golden Perch,750
5/02/2011,Lake Kurwongbah,Pine,Saratoga,79
5/02/2011,Caboolture River Weir,Caboolture,Australian Bass,19000
5/02/2011,Cania Dam,Burnett,Silver Perch,40000
6/02/2011,Callide Dam,Fitzroy,Golden Perch,20000
6/02/2011,Severn River,Border Rivers,Murray Cod,4675
8/02/2011,Fairbairn Dam,Fitzroy,Barramundi,60750
9/02/2011,Chinchilla Weir,Condamine and Balonne,Murray Cod,1130
9/02/2011,Condamine River (near Chinchilla),Condamine and Balonne,Murray Cod,445
9/02/2011,Condamine River (near Chinchilla),Condamine and Balonne,Golden Perch,6150
9/02/2011,Chinchilla Weir,Condamine and Balonne,Golden Perch,26000
12/02/2011,Ewen Maddock Dam,Mary,Golden Perch,8500
12/02/2011,Ewen Maddock Dam,Mary,Australian Bass,17500
12/02/2011,Ewen Maddock Dam,Mary,Silver Perch,3000
13/02/2011,Pukallus Weir,Brisbane,Australian Bass,10000
13/02/2011,Teemburra Dam,Pioneer,Barramundi,2260
13/02/2011,Pukallus Weir,Brisbane,Golden Perch,10000
13/02/2011,Teemburra Dam,Pioneer,Barramundi,7662
14/02/2011,Goondiwindi (Hilton) Weir,Border Rivers,Golden Perch,30000
15/02/2011,Connolly Dam,Condamine and Balonne,Golden Perch,10000
15/02/2011,Cressbrook Dam,Brisbane,Golden Perch,20000
15/02/2011,Cressbrook Dam,Brisbane,Australian Bass,20000
15/02/2011,Connolly Dam,Condamine and Balonne,Golden Perch,2667
16/02/2011,Selma Weir,Fitzroy,Golden Perch,15000
16/02/2011,Cooby Dam,Condamine and Balonne,Golden Perch,30000
17/02/2011,Storm King Dam,Border Rivers,Golden Perch,27654
17/02/2011,Storm King Dam,Border Rivers,Murray Cod,520
18/02/2011,Norman River,Gulf,Barramundi,3000
19/02/2011,Glebe Weir,Fitzroy,Golden Perch,12000
19/02/2011,Somerset Dam,Brisbane,Golden Perch,118980
19/02/2011,Glebe Weir,Fitzroy,Golden Perch,6400
19/02/2011,Wuruma Dam,Burnett,Australian Bass,30000
20/02/2011,Ward River,Warrego,Golden Perch,10900
20/02/2011,Warrego River/Weir,Warrego,Golden Perch,1600
20/02/2011,Beehive Dam,Border Rivers,Golden Perch,2660
20/02/2011,Severn River,Border Rivers,Golden Perch,2660
20/02/2011,Severn River,Border Rivers,Murray Cod,300
20/02/2011,Accommoation Creek,Border Rivers,Murray Cod,100
20/02/2011,Accommoation Creek,Border Rivers,Golden Perch,2980
20/02/2011,Severn River,Border Rivers,Golden Perch,2980
20/02/2011,Warrego River/Weir,Warrego,Golden Perch,1600
20/02/2011,Langlo River,Warrego,Golden Perch,200
20/02/2011,Warrego River/Weir,Warrego,Golden Perch,2400
20/02/2011,Moura Weir,Fitzroy,Golden Perch,30000
20/02/2011,Severn River,Border Rivers,Murray Cod,100
20/02/2011,Beehive Dam,Border Rivers,Murray Cod,300
20/02/2011,Warrego River/Weir,Warrego,Golden Perch,25000
24/02/2011,Lake Belmore,Gulf,Barramundi,1500
28/02/2011,Maroon Dam,Logan,Silver Perch,11500
28/02/2011,Moogerah Dam,Brisbane,Silver Perch,21220
1/03/2011,Cecil Plains Weir,Condamine and Balonne,Murray Cod,5000
1/03/2011,Coolmunda Dam,Border Rivers,Murray Cod,10000
1/03/2011,Yarramalong Weir,Condamine and Balonne,Murray Cod,5000
1/03/2011,Yarramalong Weir,Condamine and Balonne,Golden Perch,10000
1/03/2011,Coolmunda Dam,Border Rivers,Silver Perch,20000
1/03/2011,Cecil Plains Weir,Condamine and Balonne,Golden Perch,10000
1/03/2011,Coolmunda Dam,Border Rivers,Golden Perch,105000
2/03/2011,Callide Dam,Fitzroy,Saratoga,96
4/03/2011,Black Weir,Townsville,Barramundi,450
5/03/2011,Beardmore Dam,Condamine and Balonne,Golden Perch,49000
5/03/2011,Beardmore Dam,Condamine and Balonne,Murray Cod,10000
6/03/2011,Macintyre River,Border Rivers,Golden Perch,20664
7/03/2011,Cooby Dam,Condamine and Balonne,Golden Perch,20000
7/03/2011,Bjelke Peterson Dam,Burnett,Silver Perch,30000
10/03/2011,Lake Dyer,Brisbane,Silver Perch,4600
10/03/2011,Somerset Dam,Brisbane,Golden Perch,42495
10/03/2011,Lake MacDonald,Mary,Golden Perch,8500
11/03/2011,Kings Creek,Condamine and Balonne,Golden Perch,10000
11/03/2011,Kings Creek,Condamine and Balonne,Murray Cod,2000
12/03/2011,Oakey Creek,Condamine and Balonne,Silver Perch,3500
12/03/2011,Oakey Creek,Condamine and Balonne,Golden Perch,15000
12/03/2011,Lemon Tree Weir,Condamine and Balonne,Golden Perch,1000
12/03/2011,Lemon Tree Weir,Condamine and Balonne,Silver Perch,1100
12/03/2011,Oakey Creek,Condamine and Balonne,Silver Perch,3500
12/03/2011,Koombooloomba Dam,Tully,Barramundi,3300
14/03/2011,Cania Dam,Burnett,Golden Perch,25000
14/03/2011,Cania Dam,Burnett,Silver Perch,25000
14/03/2011,Wivenhoe Dam,Brisbane,Golden Perch,32050
18/03/2011,Bonshaw Weir,Border Rivers,Golden Perch,19683
19/03/2011,Undulla Creek,Condamine and Balonne,Golden Perch,27000
19/03/2011,Undulla Creek,Condamine and Balonne,Murray Cod,500
21/03/2011,Wuruma Dam,Burnett,Golden Perch,27273
22/03/2011,Robina Lakes,Gold Coast,Australian Bass,6500
26/03/2011,Neville Hewitt Weir,Fitzroy,Golden Perch,56000
18/04/2011,Lake Fred Tritton,Gulf,Barramundi,201
12/05/2011,Churches Lagoon,Burdekin,Barramundi,650
12/05/2011,Churches Lagoon,Burdekin,Barramundi,650
12/05/2011,Payards Lagoon,Burdekin,Barramundi,500
12/05/2011,Favero's Lagoon,Burdekin,Barramundi,650
12/05/2011,Hutchinga Lagoon,Burdekin,Barramundi,500
15/05/2011,Eungella Dam,Burdekin,Barramundi,13544
15/05/2011,Kinchant Dam,Pioneer,Barramundi,1255
10/06/2011,Stanley River,Brisbane,Golden Perch,1600
10/06/2011,Stanley River,Brisbane,Silver Perch,1000
4/07/2011,Burdekin Dam/Lake Dalrymple,Burdekin,Barramundi,600
4/07/2011,Burdekin Dam/Lake Dalrymple,Burdekin,Barramundi,8935
14/08/2011,Charters Towers Weir,Burdekin,Barramundi,9340
25/08/2011,Peter Faust Dam,Whitsundays,Barramundi,3000
12/09/2011,Peter Faust Dam,Whitsundays,Barramundi,3000
22/09/2011,Payards Lagoon,Burdekin,Barramundi,2280
22/09/2011,Favero's Lagoon,Burdekin,Barramundi,2280
22/09/2011,Dicks Bank Lagoon,Burdekin,Barramundi,2280
22/09/2011,Gorizzia's Lagoon,Burdekin,Barramundi,2280
25/09/2011,Teemburra Dam,Pioneer,Barramundi,12028
17/10/2011,Black Weir,Townsville,Barramundi,1270
3/11/2011,Theresa Creek Dam,Fitzroy,Barramundi,550
3/11/2011,Theresa Creek Dam,Fitzroy,Barramundi,5000
8/11/2011,Bowen River Weir,Burdekin,Barramundi,21818
18/11/2011,Fred Haigh Dam (Lake Monduran),Kolan,Australian Bass,111136
25/11/2011,Fred Haigh Dam (Lake Monduran),Kolan,Barramundi,80000
2/12/2011,Somerset Dam,Brisbane,Australian Bass,209567
2/12/2011,Wivenhoe Dam,Brisbane,Australian Bass,74269
7/12/2011,Somerset Dam,Brisbane,Silver Perch,78587
7/12/2011,Wivenhoe Dam,Brisbane,Silver Perch,27851
9/12/2011,Cania Dam,Burnett,Australian Bass,27784
17/12/2011,Boondooma Dam,Burnett,Australian Bass,96000
17/12/2011,Gordonbrook Dam,Burnett,Australian Bass,28000
17/12/2011,Boondooma Dam,Burnett,Golden Perch,80000
21/12/2011,Lake Callemondah,Gladstone,Barramundi,3000
27/12/2011,Connolly Dam,Condamine and Balonne,Murray Cod,1000
27/12/2011,Condamine River (Upper),Condamine and Balonne,Murray Cod,200
29/12/2011,Leslie Dam,Condamine and Balonne,Golden Perch,40000
31/12/2011,Glenlyon Dam,Border Rivers,Golden Perch,80000
1/01/2012,Lake Moondarra (Leichardt River Dam),Gulf,Barramundi,16272
1/01/2012,Lake Kurwongbah (Sideling Creek Dam),Pine,Saratoga,22
1/01/2012,Glenlyon Dam,Border Rivers,Silver Perch,15000
1/01/2012,North Pine Dam,Pine,Australian Bass,90000
1/01/2012,Glenlyon Dam,Border Rivers,Murray Cod,10000
1/01/2012,Glenlyon Dam,Border Rivers,Silver Perch,10000
1/01/2012,Glenlyon Dam,Border Rivers,Golden Perch,8000
1/01/2012,Lake Kurwongbah (Sideling Creek Dam),Pine,Golden Perch,2190
1/01/2012,Lake Kurwongbah (Sideling Creek Dam),Pine,Australian Bass,35000
1/01/2012,North Pine Dam,Pine,Saratoga,11
1/01/2012,North Pine Dam,Pine,Saratoga,100
1/01/2012,Lake Kurwongbah (Sideling Creek Dam),Pine,Saratoga,10
5/01/2012,Callide Dam,Fitzroy,Barramundi,15600
6/01/2012,Lake Kurwongbah,Pine,Golden Perch,15810
7/01/2012,Moogerah Dam,Brisbane,Australian Bass,35000
7/01/2012,Balonne River,Condamine and Balonne,Murray Cod,6494
7/01/2012,Moogerah Dam,Brisbane,Golden Perch,32000
7/01/2012,Moogerah Dam,Brisbane,Silver Perch,24310
7/01/2012,Maroon Dam,Logan,Silver Perch,11000
7/01/2012,Maroon Dam,Logan,Australian Bass,22910
7/01/2012,Maroon Dam,Logan,Golden Perch,20000
8/01/2012,Claude Wharton Weir,Burnett,Australian Bass,22222
8/01/2012,Gil Weir,Condamine and Balonne,Silver Perch,10000
8/01/2012,Condamine River (Upper),Condamine and Balonne,Murray Cod,200
8/01/2012,Leslie Dam,Condamine and Balonne,Murray Cod,11666
8/01/2012,Gil Weir,Condamine and Balonne,Golden Perch,1000
8/01/2012,Gil Weir,Condamine and Balonne,Golden Perch,20000
8/01/2012,Gil Weir,Condamine and Balonne,Silver Perch,1000
12/01/2012,Logan River,Logan,Australian Bass,35000
12/01/2012,Albert River,Logan,Australian Bass,35000
13/01/2012,Storm King Dam,Border Rivers,Golden Perch,8667
13/01/2012,Bedford Weir,Fitzroy,Barramundi,25280
13/01/2012,Storm King Dam,Border Rivers,Murray Cod,2125
13/01/2012,Storm King Dam,Border Rivers,Silver Perch,8667
14/01/2012,Ewen Maddock Dam,Mary,Saratoga,15
15/01/2012,Lake Gregory,Burnett,Australian Bass,28384
18/01/2012,Wivenhoe Dam,Brisbane,Golden Perch,27621
18/01/2012,Somerset Dam,Brisbane,Golden Perch,78588
19/01/2012,Ewen Maddock Dam,Mary,Australian Bass,20000
19/01/2012,Baroon Pocket Dam,Mary River,Australian Bass,20000
19/01/2012,Norman River,Gulf,Barramundi,31000
22/01/2012,Lake MacDonald,Mary,Australian Bass,27778
24/01/2012,Trinity Inlet,Barron,Barramundi,500
24/01/2012,Barron River,Barron,Barramundi,500
24/01/2012,Russell River,Mulgrave-Russell,Barramundi,500
24/01/2012,Lake Dyer,Brisbane,Australian Bass,7000
24/01/2012,Mulgrave River,Mulgrave-Russell,Barramundi,500
24/01/2012,Lake Dyer,Brisbane,Golden Perch,8000
24/01/2012,Lake Dyer,Brisbane,Silver Perch,4600
27/01/2012,North Pine Dam,Pine,Golden Perch,60000
28/01/2012,Cecil Plains Weir,Condamine and Balonne,Golden Perch,25000
28/01/2012,Cecil Plains Weir,Condamine and Balonne,Murray Cod,10000
3/02/2012,Gil Weir,Condamine and Balonne,Murray Cod,2700
3/02/2012,Gil Weir,Condamine and Balonne,Golden Perch,500
4/02/2012,Accommodation Creek,Border Rivers,Golden Perch,2000
4/02/2012,Accommodation Creek,Border Rivers,Murray Cod,600
4/02/2012,Severn River,Border Rivers,Golden Perch,1500
4/02/2012,Severn River,Border Rivers,Murray Cod,650
4/02/2012,Dumaresq River,Border Rivers,Golden Perch,3100
4/02/2012,Dumaresq River,Border Rivers,Murray Cod,700
4/02/2012,Wuruma Dam,Burnett,Golden Perch,60000
4/02/2012,Goondiwindi (Hilton) Weir,Border Rivers,Murray Cod,350
4/02/2012,Goondiwindi (Hilton) Weir,Border Rivers,Golden Perch,30000
4/02/2012,MacIntyre Brook,Border Rivers,Murray Cod,5000
5/02/2012,Oakey Town Weir,Condamine and Balonne,Golden Perch,15000
5/02/2012,Kings Creek,Condamine and Balonne,Golden Perch,4347
5/02/2012,Kings Creek,Condamine and Balonne,Murray Cod,1298
5/02/2012,Severn River,Border Rivers,Golden Perch,3750
5/02/2012,Severn River,Border Rivers,Murray Cod,2150
5/02/2012,Severn River,Border Rivers,Silver Perch,3438
5/02/2012,Oakey Creek,Condamine and Balonne,Murray Cod,1500
5/02/2012,Talgai Weir,Condamine and Balonne,Murray Cod,2000
5/02/2012,Oakey Creek,Condamine and Balonne,Silver Perch,2000
5/02/2012,Condamine River (Upper),Condamine and Balonne,Golden Perch,8021
5/02/2012,Talgai Weir,Condamine and Balonne,Golden Perch,10000
6/02/2012,Glenlyon Dam,Border Rivers,Golden Perch,24000
7/02/2012,Pioneer River,Pioneer,Barramundi,714
11/02/2012,Ben Anderson Barrage,Burnett,Saratoga,36
15/02/2012,Lake Belmore,Gulf,Barramundi,11800
18/02/2012,Wuruma Dam,Burnett,Australian Bass,16500
19/02/2012,Albert River (Gulf),Gulf,Barramundi,10000
20/02/2012,Leslie Dam,Condamine and Balonne,Golden Perch,60000
20/02/2012,Leslie Dam,Condamine and Balonne,Golden Perch,30000
23/02/2012,Lower Fitzroy River,Fitzroy,Barramundi,5000
24/02/2012,Pukallus Weir,Brisbane,Golden Perch,5000
24/02/2012,Pukallus Weir,Brisbane,Silver Perch,5000
24/02/2012,Pukallus Weir,Brisbane,Australian Bass,10000
25/02/2012,Theresa Creek Dam,Fitzroy,Saratoga,47
26/02/2012,Jones Weir,Burnett,Golden Perch,7500
26/02/2012,Jones Weir,Burnett,Australian Bass,7500
27/02/2012,Leslie Dam,Condamine and Balonne,Golden Perch,38000
27/02/2012,Connolly Dam,Condamine and Balonne,Golden Perch,12000
27/02/2012,Chinchilla Weir,Condamine and Balonne,Murray Cod,1190
27/02/2012,Charleys Creek,Condamine and Balonne,Murray Cod,239
27/02/2012,Condamine River (near Chinchilla),Condamine and Balonne,Murray Cod,238
28/02/2012,Bjelke Peterson Dam,Burnett,Australian Bass,60000
28/02/2012,Glenlyon Dam,Border Rivers,Murray Cod,6750
28/02/2012,Bjelke Peterson Dam,Burnett,Golden Perch,75000
1/03/2012,Glenlyon Dam,Border Rivers,Golden Perch,4750
1/03/2012,Lake Awoonga,Gladstone,Barramundi,120000
2/03/2012,Lake Awoonga,Gladstone,Barramundi,60000
3/03/2012,Langlo River,Warrego,Golden Perch,2000
3/03/2012,Warrego River/Weir,Warrego,Golden Perch,38000
4/03/2012,Coolmunda Dam,Border Rivers,Golden Perch,76275
4/03/2012,Coolmunda Dam,Border Rivers,Silver Perch,8000
4/03/2012,Coolmunda Dam,Border Rivers,Murray Cod,5000
4/03/2012,MacIntyre Brook,Border Rivers,Golden Perch,10000
7/03/2012,Chinchilla Weir,Condamine and Balonne,Golden Perch,23250
7/03/2012,Lower Fitzroy River,Fitzroy,Barramundi,4300
10/03/2012,Beardmore Dam,Condamine and Balonne,Murray Cod,8000
10/03/2012,Beardmore Dam,Condamine and Balonne,Golden Perch,70000
10/03/2012,Beardmore Dam,Condamine and Balonne,Golden Perch,50000
10/03/2012,Beardmore Dam,Condamine and Balonne,Murray Cod,8000
11/03/2012,Balonne River,Condamine and Balonne,Murray Cod,75
11/03/2012,Balonne River,Condamine and Balonne,Golden Perch,25000
17/03/2012,Mount Morgan Big Dam,Fitzroy,Golden Perch,7000
17/03/2012,Callide Dam,Fitzroy,Golden Perch,15092
17/03/2012,Chinchilla Weir,Condamine and Balonne,Golden Perch,345
21/03/2012,Oakey Creek,Condamine and Balonne,Silver Perch,2000
24/03/2012,Dawson River,Fitzroy,Golden Perch,22400
24/03/2012,Glebe Weir,Fitzroy,Golden Perch,5600
29/03/2012,Fairbairn Dam,Fitzroy,Golden Perch,68000
30/03/2012,Lake Awoonga,Gladstone,Barramundi,107000
31/03/2012,Kings Creek,Condamine and Balonne,Silver Perch,1087
31/03/2012,Talgai Weir,Condamine and Balonne,Silver Perch,1087
31/03/2012,Claude Wharton Weir,Burnett,Golden Perch,60606
31/03/2012,Leslie Dam,Condamine and Balonne,Murray Cod,11667
31/03/2012,Leslie Dam,Condamine and Balonne,Silver Perch,20000
31/03/2012,Leslie Dam,Condamine and Balonne,Golden Perch,97089
31/03/2012,Cressbrook Dam,Brisbane,Australian Bass,30000
31/03/2012,Leslie Dam,Condamine and Balonne,Golden Perch,74056
31/03/2012,Cooby Dam,Condamine and Balonne,Golden Perch,25000
1/04/2012,Neville Hewitt Weir,Fitzroy,Golden Perch,16000
1/04/2012,Moura Weir,Fitzroy,Golden Perch,30000
3/04/2012,Lake MacDonald,Mary,Golden Perch,6060
1/05/2012,Burdekin Dam/Lake Dalrymple,Burdekin,Barramundi,4710
3/05/2012,Burdekin Dam/Lake Dalrymple,Burdekin,Barramundi,100
7/05/2012,Glenlyon Dam,Border Rivers,Golden Perch,30000
13/05/2012,Tara Weir,Condamine and Balonne,Golden Perch,21000
19/05/2012,Tinaroo Dam,Barron,Barramundi,6078
19/05/2012,Tinaroo Dam,Barron,Barramundi,716
29/06/2012,Lake Awoonga,Gladstone,Barramundi,57000
2/07/2012,Dicks Bank Lagoon,Burdekin,Barramundi,250
18/07/2012,Glenarbon Weir,Border Rivers,Golden Perch,6250
18/07/2012,Bonshaw Weir,Border Rivers,Golden Perch,6250
30/07/2012,Churches Lagoon,Burdekin,Barramundi,250
18/08/2012,Lake Gregory,Burnett,Silver Perch,6818
19/08/2012,Gorizzia's Lagoon,Burdekin,Barramundi,250
30/08/2012,Tinaroo Dam,Barron,Barramundi,2600
12/09/2012,Lake Fred Tritton,Gulf,Barramundi,200
23/09/2012,Pioneer River,Pioneer,Barramundi,3801
27/09/2012,Koombooloomba Dam,Tully,Barramundi,1655
27/09/2012,Koombooloomba Dam,Tully,Barramundi,410
4/10/2012,Theresa Creek Dam,Fitzroy,Barramundi,1500
4/10/2012,Theresa Creek Dam,Fitzroy,Barramundi,2500
11/10/2012,Fred Haigh Dam (Lake Monduran),Kolan,Barramundi,60000
17/10/2012,Tinaroo Dam,Barron,Barramundi,2500
21/10/2012,North Pine Dam,Pine,Australian Bass,19200
21/10/2012,Lake Kurwongbah (Sideling Creek Dam),Pine,Australian Bass,17900
22/10/2012,Black Weir,Townsville,Barramundi,1200
28/10/2012,Lake Awoonga,Gladstone,Sea Mullet,61000
28/10/2012,North Pine Dam,Pine,Australian Bass,13500
30/10/2012,Burdekin Dam/Lake Dalrymple,Burdekin,Barramundi,16700
6/11/2012,Tinaroo Dam,Barron,Barramundi,1374
6/11/2012,Tinaroo Dam,Barron,Barramundi,356
23/11/2012,North Pine Dam,Pine,Australian Bass,21050
23/11/2012,Boondooma Dam,Burnett,Australian Bass,100000
23/11/2012,North Pine Dam,Pine,Australian Bass,950
29/11/2012,Gordonbrook Dam,Burnett,Australian Bass,30000
1/12/2012,Robina Lakes,Gold Coast,Australian Bass,12000
8/12/2012,North Pine Dam,Pine,Australian Bass,10800
8/12/2012,Ward River,Warrego,Murray Cod,7500
9/12/2012,MacIntyre Brook,Border Rivers,Murray Cod,3400
9/12/2012,Robina Lakes,Gold Coast,Australian Bass,1216
9/12/2012,Robina Lakes,Gold Coast,Australian Bass,13334
14/12/2012,Wivenhoe Dam,Brisbane,Golden Perch,70104
14/12/2012,Wivenhoe Dam,Brisbane,Australian Bass,36248
14/12/2012,Borumba Dam,Mary,Golden Perch,40000
16/12/2012,Kinchant Dam,Pioneer,Barramundi,15888
17/12/2012,Boondooma Dam,Burnett,Golden Perch,100000
18/12/2012,Peter Faust Dam,Whitsundays,Barramundi,2500
18/12/2012,Somerset Dam,Brisbane,Australian Bass,45679
19/12/2012,Connolly Dam,Condamine and Balonne,Golden Perch,10240
20/12/2012,Lenthalls Dam (Lake Lenthall),Mary,Barramundi,11800
22/12/2012,Cania Dam,Burnett,Australian Bass,22727
22/12/2012,Cania Dam,Burnett,Golden Perch,52000
22/12/2012,Eungella Dam,Burdekin,Barramundi,10477
22/12/2012,Cania Dam,Burnett,Silver Perch,22727
29/12/2012,Atkinsons Dam,Brisbane,Saratoga,54
30/12/2012,Lake Kurwongbah (Sideling Creek Dam),Pine,Saratoga,36
1/01/2013,Favero's Lagoon,Burdekin,Barramundi,100
1/01/2013,Dicks Bank Lagoon,Burdekin,Barramundi,950
1/01/2013,Payards Lagoon,Burdekin,Barramundi,1000
1/01/2013,Giru Weir,Burdekin,Barramundi,1920
1/01/2013,Gorizzia's Lagoon,Burdekin,Barramundi,500
1/01/2013,Hutchings Lagoon,Burdekin,Barramundi,500
1/01/2013,Churches Lagoon,Burdekin,Barramundi,250
5/01/2013,Bremer River,Brisbane,Australian Bass,1750
7/01/2013,Connolly Dam,Condamine and Balonne,Silver Perch,1500
9/01/2013,Hinze Dam,Gold Coast,Golden Perch,42000
11/01/2013,Borumba Dam,Mary,Australian Bass,40000
11/01/2013,Borumba Dam,Mary,Silver Perch,19000
12/01/2013,Mt Crosby Weir,Brisbane,Australian Bass,12920
15/01/2013,Cressbrook Dam,Brisbane,Australian Bass,25000
15/01/2013,Cressbrook Dam,Brisbane,Golden Perch,25000
17/01/2013,Fairbairn Dam,Fitzroy,Barramundi,34000
18/01/2013,Lake Dyer (Bill Gunn Dam),Brisbane,Silver Perch,4600
18/01/2013,Lake Dyer (Bill Gunn Dam),Brisbane,Australian Bass,7000
18/01/2013,Lake Dyer (Bill Gunn Dam),Brisbane,Golden Perch,8000
18/01/2013,Boondooma Dam,Burnett,Silver Perch,12000
18/01/2013,Connolly Dam,Condamine and Balonne,Murray Cod,1167
19/01/2013,Somerset Dam,Brisbane,Australian Bass,50000
19/01/2013,Lockyer Creek,Brisbane,Australian Bass,12182
20/01/2013,Gil Weir,Condamine and Balonne,Golden Perch,30000
21/01/2013,Lake MacDonald,Mary,Australian Bass,20000
23/01/2013,Somerset Dam,Brisbane,Golden Perch,74880
23/01/2013,Wivenhoe Dam,Brisbane,Silver Perch,136412
23/01/2013,Somerset Dam,Brisbane,Silver Perch,75780
24/01/2013,Maroon Dam,Logan,Silver Perch,15742
24/01/2013,Moogerah Dam,Brisbane,Silver Perch,23338
24/01/2013,Moogerah Dam,Brisbane,Golden Perch,35007
24/01/2013,Maroon Dam,Logan,Golden Perch,23613
24/01/2013,Moogerah Dam,Brisbane,Australian Bass,58348
24/01/2013,Maroon Dam,Logan,Australian Bass,39365
26/01/2013,Goondiwindi (Hilton) Weir,Border Rivers,Golden Perch,35000
31/01/2013,Peter Faust Dam,Whitsundays,Barramundi,2500
1/02/2013,Beebo Weir,Border Rivers,Golden Perch,4166
1/02/2013,Beebo Weir,Border Rivers,Golden Perch,4168
1/02/2013,Mount Morgan Big Dam,Fitzroy,Golden Perch,8500
1/02/2013,Storm King Dam,Border Rivers,Silver Perch,7087
1/02/2013,Storm King Dam,Border Rivers,Golden Perch,14175
1/02/2013,Storm King Dam,Border Rivers,Murray Cod,1000
1/02/2013,Bonshaw Weir,Border Rivers,Golden Perch,4166
2/02/2013,Callide Dam,Fitzroy,Golden Perch,16200
2/02/2013,Peter Faust Dam,Whitsundays,Barramundi,2500
6/02/2013,Peter Faust Dam,Whitsundays,Barramundi,2500
6/02/2013,Callide Dam,Fitzroy,Barramundi,13000
9/02/2013,Fairbairn Dam,Fitzroy,Golden Perch,83636
9/02/2013,Goondiwindi (Hilton) Weir,Border Rivers,Murray Cod,2000
9/02/2013,Talgai Weir,Condamine and Balonne,Golden Perch,8695
9/02/2013,Goondiwindi (Hilton) Weir,Border Rivers,Golden Perch,40000
10/02/2013,Ben Anderson Barrage,Burnett,Saratoga,51
16/02/2013,MacIntyre Brook,Border Rivers,Golden Perch,12000
17/02/2013,Moura Weir,Fitzroy,Golden Perch,28000
20/02/2013,Lake MacDonald,Mary,Golden Perch,10000
22/02/2013,Callide Dam,Fitzroy,Sleepy Cod,336
23/02/2013,Tinaroo Dam,Barron,Barramundi,1830
23/02/2013,Lake Awoonga,Gladstone,Barramundi,57000
23/02/2013,Tinaroo Dam,Barron,Barramundi,300
23/02/2013,Tinaroo Dam,Barron,Barramundi,1626
24/02/2013,Stanley River,Brisbane,Australian Bass,1000
24/02/2013,Caboolture River Weir,Caboolture,Australian Bass,10000
24/02/2013,Waraba Creek Weir,Caboolture,Australian Bass,5000
24/02/2013,Caboolture River Weir,Caboolture,Australian Bass,10000
24/02/2013,Stanley River,Brisbane,Golden Perch,5600
24/02/2013,Woodford Weir,Brisbane,Golden Perch,5600
24/02/2013,Caboolture River Weir,Caboolture,Australian Bass,5000
24/02/2013,Caboolture River Weir,Caboolture,Golden Perch,5600
8/03/2013,Cooby Dam,Condamine and Balonne,Golden Perch,25000
8/03/2013,Cooby Dam,Condamine and Balonne,Murray Cod,2000
8/03/2013,Coolmunda Dam,Border Rivers,Murray Cod,7000
8/03/2013,Coolmunda Dam,Border Rivers,Silver Perch,15000
8/03/2013,Coolmunda Dam,Border Rivers,Golden Perch,104500
9/03/2013,Teemburra Dam,Pioneer,Barramundi,6763
12/03/2013,Glebe Weir,Fitzroy,Golden Perch,16000
13/03/2013,Tinaroo Dam,Barron,Barramundi,400
16/03/2013,Lenthalls Dam (Lake Lenthall),Mary,Golden Perch,22727
1/04/2013,Beebo Weir,Border Rivers,Golden Perch,4000
1/04/2013,Bonshaw Weir,Border Rivers,Golden Perch,4000
1/04/2013,Beebo Weir,Border Rivers,Golden Perch,4000
6/04/2013,Lake Callemondah,Gladstone,Barramundi,3000
10/04/2013,Callide Dam,Fitzroy,Barramundi,10600
15/04/2013,Bjelke Peterson Dam,Burnett,Golden Perch,180000
15/04/2013,Bjelke Peterson Dam,Burnett,Silver Perch,25000
15/04/2013,Bjelke Peterson Dam,Burnett,Australian Bass,100000
26/04/2013,Lake Awoonga,Gladstone,Barramundi,163500
27/04/2013,Charters Towers Weir,Burdekin,Barramundi,1000
9/05/2013,Yuleba Creek,Condamine and Balonne,Golden Perch,12121
12/05/2013,Payards Lagoon,Burdekin,Barramundi,125
25/05/2013,Somerset Dam,Brisbane,Silver Perch,5940
1/06/2013,Somerset Dam,Brisbane,Silver Perch,23100
17/08/2013,Black Weir,Townsville,Barramundi,1200
23/08/2013,Kinchant Dam,Pioneer,Barramundi,5311
7/09/2013,Eungella Dam,Burdekin,Barramundi,4409
7/09/2013,Teemburra Dam,Pioneer,Barramundi,4762
12/09/2013,Tinaroo Dam,Barron,Barramundi,35
12/09/2013,Tinaroo Dam,Barron,Barramundi,932
12/09/2013,Tinaroo Dam,Barron,Barramundi,35
12/09/2013,Tinaroo Dam,Barron,Barramundi,932
3/10/2013,Tinaroo Dam,Barron,Barramundi,3200
3/10/2013,Tinaroo Dam,Barron,Barramundi,3200
12/10/2013,Fred Haigh Dam (Lake Monduran),Kolan,Barramundi,90000
20/10/2013,Tinaroo Dam,Barron,Barramundi,300
21/10/2013,Lake Awoonga,Gladstone,Barramundi,13575
27/10/2013,Burdekin Dam/Lake Dalrymple,Burdekin,Barramundi,18750
2/11/2013,Burdekin Dam/Lake Dalrymple,Burdekin,Barramundi,5700
12/11/2013,Burdekin Dam/Lake Dalrymple,Burdekin,Barramundi,2019
12/11/2013,Burdekin Dam/Lake Dalrymple,Burdekin,Barramundi,1000
12/11/2013,Burdekin Dam/Lake Dalrymple,Burdekin,Barramundi,600
30/11/2013,Fitzroy River Barrage,Fitzroy,Barramundi,100
30/11/2013,Fitzroy River Barrage,Fitzroy,Barramundi,306
12/12/2013,Tinaroo Dam,Barron,Barramundi,3200
13/12/2013,Wivenhoe Dam,Brisbane,Golden Perch,51149
13/12/2013,Wivenhoe Dam,Brisbane,Australian Bass,6808
15/12/2013,Borumba Dam,Mary,Australian Bass,40000
19/12/2013,Condamine River (Upper - Warwick),Condamine and Balonne,Murray Cod,2182
19/12/2013,Leslie Dam,Condamine and Balonne,Murray Cod,14000
19/12/2013,Connolly Dam,Condamine and Balonne,Murray Cod,1400
20/12/2013,Glenlyon Dam,Border Rivers,Murray Cod,4200
20/12/2013,Glenlyon Dam,Border Rivers,Murray Cod,5016
22/12/2013,North Pine Dam,Pine,Australian Bass,44000
31/12/2013,Glenlyon Dam,Border Rivers,Golden Perch,80000
10/01/2014,Lake Kurwongbah (Sideling Creek Dam),Pine,Australian Bass,21000
10/01/2014,Boondooma Dam,Burnett,Golden Perch,80000
10/01/2014,Boondooma Dam,Burnett,Silver Perch,10000
10/01/2014,Boondooma Dam,Burnett,Australian Bass,100000
10/01/2014,Gordonbrook Dam,Burnett,Australian Bass,25000
10/01/2014,Lake Kurwongbah (Sideling Creek Dam),Pine,Golden Perch,10000
11/01/2014,Mt Crosby Weir,Brisbane,Australian Bass,7640
17/01/2014,Cooby Dam,Condamine and Balonne,Murray Cod,2000
17/01/2014,Cooby Dam,Condamine and Balonne,Golden Perch,25000
19/01/2014,Storm King Dam,Border Rivers,Murray Cod,500
19/01/2014,Storm King Dam,Border Rivers,Golden Perch,15923
19/01/2014,Glenlyon Dam,Border Rivers,Golden Perch,10000
19/01/2014,Glenlyon Dam,Border Rivers,Murray Cod,4545
19/01/2014,Glenlyon Dam,Border Rivers,Golden Perch,100000
19/01/2014,Storm King Dam,Border Rivers,Silver Perch,7090
21/01/2014,Lake Dyer (Bill Gunn Dam),Brisbane,Australian Bass,7000
21/01/2014,Lake Dyer (Bill Gunn Dam),Brisbane,Silver Perch,4000
21/01/2014,Lake Dyer (Bill Gunn Dam),Brisbane,Golden Perch,8000
26/01/2014,Lake Moondarra (Leichardt River Dam),Gulf,Barramundi,3810
26/01/2014,Lake Moondarra (Leichardt River Dam),Gulf,Barramundi,5964
26/01/2014,Lake Moondarra (Leichardt River Dam),Gulf,Barramundi,6129
26/01/2014,Lake Moondarra (Leichardt River Dam),Gulf,Barramundi,2829
26/01/2014,Lake Moondarra (Leichardt River Dam),Gulf,Barramundi,32
26/01/2014,Lake Moondarra (Leichardt River Dam),Gulf,Barramundi,3843
26/01/2014,Lake Moondarra (Leichardt River Dam),Gulf,Barramundi,22607
27/01/2014,Connolly Dam,Condamine and Balonne,Golden Perch,10240
27/01/2014,Leslie Dam,Condamine and Balonne,Golden Perch,15750
27/01/2014,Leslie Dam,Condamine and Balonne,Golden Perch,31500
28/01/2014,Leslie Dam,Condamine and Balonne,Golden Perch,22106
28/01/2014,Condamine River (Upper - Warwick),Condamine and Balonne,Golden Perch,17894
29/01/2014,Cressbrook Dam,Brisbane,Golden Perch,10000
30/01/2014,Borumba Dam,Mary,Golden Perch,40000
30/01/2014,Borumba Dam,Mary,Silver Perch,19000
1/02/2014,Cania Dam,Burnett,Golden Perch,89290
2/02/2014,Moogerah Dam,Brisbane,Silver Perch,8254
2/02/2014,Leslie Dam,Condamine and Balonne,Golden Perch,20000
2/02/2014,Leslie Dam,Condamine and Balonne,Golden Perch,45000
2/02/2014,Coolmunda Dam,Border Rivers,Murray Cod,8000
2/02/2014,Moogerah Dam,Brisbane,Golden Perch,33287
2/02/2014,Moogerah Dam,Brisbane,Australian Bass,41000
2/02/2014,Coolmunda Dam,Border Rivers,Golden Perch,80450
2/02/2014,Coolmunda Dam,Border Rivers,Silver Perch,10000
2/02/2014,Maroon Dam,Logan,Australian Bass,14530
2/02/2014,Maroon Dam,Logan,Golden Perch,19293
2/02/2014,Maroon Dam,Logan,Silver Perch,3760
5/02/2014,Callide Dam,Fitzroy,Barramundi,16000
5/02/2014,Storm King Dam,Border Rivers,Silver Perch,2590
9/02/2014,Peter Faust Dam,Whitsundays,Barramundi,5000
9/02/2014,Lake Gregory,Burnett,Silver Perch,24363
9/02/2014,Fairbairn Dam,Fitzroy,Golden Perch,18181
9/02/2014,Fairbairn Dam,Fitzroy,Golden Perch,29092
15/02/2014,Lake MacDonald,Mary,Australian Bass,14000
15/02/2014,Stanley River,Brisbane,Australian Bass,2000
15/02/2014,Lake MacDonald,Mary,Golden Perch,9135
15/02/2014,Stanley River,Brisbane,Golden Perch,4600
15/02/2014,Caboolture River Weir,Caboolture,Australian Bass,14000
16/02/2014,Lenthalls Dam (Lake Lenthall),Mary,Golden Perch,5113
16/02/2014,Somerset Dam,Brisbane,Golden Perch,40070
16/02/2014,Lenthalls Dam (Lake Lenthall),Mary,Australian Bass,5000
16/02/2014,Wivenhoe Dam,Brisbane,Golden Perch,138086
18/02/2014,Bjelke Peterson Dam,Burnett,Australian Bass,60000
18/02/2014,Bjelke Peterson Dam,Burnett,Silver Perch,15000
18/02/2014,Bjelke Peterson Dam,Burnett,Golden Perch,130000
19/02/2014,Moogerah Dam,Brisbane,Golden Perch,8259
19/02/2014,Maroon Dam,Logan,Golden Perch,3759
19/02/2014,Fairbairn Dam,Fitzroy,Barramundi,30000
19/02/2014,Wuruma Dam,Burnett,Silver Perch,22000
20/02/2014,Cressbrook Dam,Brisbane,Australian Bass,25000
20/02/2014,Cressbrook Dam,Brisbane,Golden Perch,15000
22/02/2014,North Pine Dam,Pine,Golden Perch,63000
23/02/2014,Leslie Dam,Condamine and Balonne,Golden Perch,36510
23/02/2014,Callide Dam,Fitzroy,Golden Perch,29568
23/02/2014,Connolly Dam,Condamine and Balonne,Golden Perch,1000
27/02/2014,Leslie Dam,Condamine and Balonne,Silver Perch,15000
27/02/2014,Connolly Dam,Condamine and Balonne,Silver Perch,1500
27/02/2014,Condamine River (Upper - Warwick),Condamine and Balonne,Silver Perch,1500
27/02/2014,Somerset Dam,Brisbane,Silver Perch,61348
28/02/2014,Glenlyon Dam,Border Rivers,Silver Perch,10000
12/03/2014,Tinaroo Dam,Barron,Barramundi,50
18/03/2014,Somerset Dam,Brisbane,Silver Perch,52008
19/03/2014,Peter Faust Dam,Whitsundays,Barramundi,2500
25/03/2014,Peter Faust Dam,Whitsundays,Barramundi,3000
28/03/2014,Bedford Weir,Fitzroy,Golden Perch,28000
5/04/2014,Mount Morgan Big Dam,Fitzroy,Silver Perch,1000
5/04/2014,Mount Morgan Big Dam,Fitzroy,Golden Perch,7000
12/04/2014,Somerset Dam,Brisbane,Silver Perch,53080
15/04/2014,Lenthalls Dam (Lake Lenthall),Mary,Barramundi,15000
24/04/2014,Lake Belmore,Gulf,Barramundi,2500
24/04/2014,Lake Belmore,Gulf,Barramundi,2000
24/04/2014,Lake Belmore,Gulf,Barramundi,2000
25/04/2014,Lake Awoonga,Gladstone,Barramundi,17000
1/05/2014,Tinaroo Dam,Barron,Barramundi,250
6/05/2014,Lake Awoonga,Gladstone,Barramundi,80000
13/05/2014,Lake Awoonga,Gladstone,Barramundi,13000
13/05/2014,Lake Awoonga,Gladstone,Barramundi,50000
13/05/2014,Lake Awoonga,Gladstone,Barramundi,37500
20/05/2014,Tinaroo Dam,Barron,Barramundi,100
8/07/2014,Burdekin Dam/Lake Dalrymple,Burdekin,Barramundi,33545
19/08/2014,Bedford Weir,Fitzroy,Barramundi,26000
6/09/2014,Black Weir,Townsville,Barramundi,1000
24/09/2014,Lake Awoonga,Gladstone,Barramundi,17000
1/10/2014,Tinaroo Dam,Barron,Barramundi,758
4/10/2014,Bedford Weir,Fitzroy,Barramundi,500
6/10/2014,Fred Haigh Dam (Lake Monduran),Kolan,Barramundi,72726
8/10/2014,Tinaroo Dam,Barron,Barramundi,2610
8/10/2014,Tinaroo Dam,Barron,Barramundi,400
18/10/2014,Tinaroo Dam,Barron,Barramundi,880
18/10/2014,Teemburra Dam,Pioneer,Barramundi,8400
18/10/2014,Teemburra Dam,Pioneer,Barramundi,1500
18/10/2014,Teemburra Dam,Pioneer,Barramundi,700
26/10/2014,Burdekin Dam/Lake Dalrymple,Burdekin,Barramundi,340
29/10/2014,Lake Gregory,Burnett,Australian Bass,25865
13/11/2014,Tinaroo Dam,Barron,Barramundi,150
15/11/2014,Fitzroy River Barrage,Fitzroy,Barramundi,318
16/11/2014,Boondooma Dam,Burnett,Australian Bass,160000
16/11/2014,Gordonbrook Dam,Burnett,Australian Bass,27000
23/11/2014,Somerset Dam,Brisbane,Australian Bass,237995
29/11/2014,Borumba Dam,Mary,Australian Bass,40000
29/11/2014,Wivenhoe Dam,Brisbane,Australian Bass,89099
30/11/2014,Wyaralong Dam,Logan,Australian Bass,10000
1/12/2014,Bjelke Peterson Dam,Burnett,Australian Bass,70000
1/12/2014,Bjelke Peterson Dam,Burnett,Silver Perch,10000
1/12/2014,Bjelke Peterson Dam,Burnett,Golden Perch,120000
1/12/2014,Lake Gregory,Burnett,Saratoga,50
2/12/2014,Lake MacDonald,Mary,Australian Bass,21818
4/12/2014,Lake Awoonga,Gladstone,Barramundi,350
4/12/2014,Wyaralong Dam,Logan,Mary River Cod,4800
6/12/2014,North Pine Dam,Pine,Australian Bass,217000
10/12/2014,Tinaroo Dam,Barron,Barramundi,800
12/12/2014,Tinaroo Dam,Barron,Barramundi,750
16/12/2014,Fred Haigh Dam (Lake Monduran),Kolan,Australian Bass,43640
17/12/2014,Callide Dam,Fitzroy,Barramundi,11236
17/12/2014,Connolly Dam,Condamine and Balonne,Murray Cod,1400
17/12/2014,Condamine River (Upper - Warwick),Condamine and Balonne,Murray Cod,2000
17/12/2014,Leslie Dam,Condamine and Balonne,Murray Cod,20000
18/12/2014,North Pine Dam,Pine,Australian Bass,42000
19/12/2014,Glenlyon Dam,Border Rivers,Murray Cod,5000
20/12/2014,Wuruma Dam,Burnett,Australian Bass,59636
20/12/2014,Wuruma Dam,Burnett,Golden Perch,80000
20/12/2014,Fairbairn Dam,Fitzroy,Barramundi,550
21/12/2014,Ewen Maddock Dam,Mary,Golden Perch,2000
21/12/2014,Baroon Pocket Dam,Mary River,Australian Bass,2000
21/12/2014,Ewen Maddock Dam,Mary,Australian Bass,6000
31/12/2014,Glenlyon Dam,Border Rivers,Golden Perch,45000
31/12/2014,Glenlyon Dam,Border Rivers,Silver Perch,10000
4/01/2015,Storm King Dam,Border Rivers,Golden Perch,17752
4/01/2015,Storm King Dam,Border Rivers,Murray Cod,1690
5/01/2015,Glenlyon Dam,Border Rivers,Golden Perch,30000
5/01/2015,Glenlyon Dam,Border Rivers,Golden Perch,28440
9/01/2015,Cooby Dam,Condamine and Balonne,Golden Perch,25000
9/01/2015,Cooby Dam,Condamine and Balonne,Murray Cod,2000
10/01/2015,Ewen Maddock Dam,Mary,Australian Bass,25500
10/01/2015,Boondooma Dam,Burnett,Golden Perch,100000
11/01/2015,Cania Dam,Burnett,Australian Bass,49934
11/01/2015,Glenlyon Dam,Border Rivers,Golden Perch,41560
12/01/2015,Cressbrook Dam,Brisbane,Australian Bass,30000
12/01/2015,Cressbrook Dam,Brisbane,Golden Perch,10000
16/01/2015,Glenlyon Dam,Border Rivers,Golden Perch,25000
17/01/2015,Coolmunda Dam,Border Rivers,Golden Perch,83182
17/01/2015,Coolmunda Dam,Border Rivers,Murray Cod,10000
17/01/2015,Talgai Weir,Condamine and Balonne,Murray Cod,649
17/01/2015,Talgai Weir,Condamine and Balonne,Golden Perch,8695
17/01/2015,Coolmunda Dam,Border Rivers,Silver Perch,10000
18/01/2015,Leslie Dam,Condamine and Balonne,Murray Cod,12987
18/01/2015,Leslie Dam,Condamine and Balonne,Golden Perch,5500
28/01/2015,Maroon Dam,Logan,Silver Perch,7177
28/01/2015,Moogerah Dam,Brisbane,Silver Perch,12082
28/01/2015,Moogerah Dam,Brisbane,Australian Bass,48332
28/01/2015,Moogerah Dam,Brisbane,Golden Perch,48332
28/01/2015,Maroon Dam,Logan,Australian Bass,28710
28/01/2015,Maroon Dam,Logan,Golden Perch,28710
30/01/2015,Lake Dyer (Bill Gunn Dam),Brisbane,Australian Bass,6000
30/01/2015,Lake Dyer (Bill Gunn Dam),Brisbane,Golden Perch,6000
30/01/2015,Lake Dyer (Bill Gunn Dam),Brisbane,Silver Perch,6000
31/01/2015,Leslie Dam,Condamine and Balonne,Golden Perch,37000
1/02/2015,Connolly Dam,Condamine and Balonne,Golden Perch,10000
2/02/2015,Teemburra Dam,Pioneer,Barramundi,3100
3/02/2015,Boondooma Dam,Burnett,Silver Perch,34000
5/02/2015,Tinaroo Dam,Barron,Barramundi,750
7/02/2015,Leslie Dam,Condamine and Balonne,Golden Perch,47200
8/02/2015,Kinchant Dam,Pioneer,Barramundi,70
8/02/2015,Kinchant Dam,Pioneer,Barramundi,180
8/02/2015,Saddlers Waterhole,Warrego,Golden Perch,400
8/02/2015,Angellalla Creek (above weir),Warrego,Murray Cod,2400
8/02/2015,Kinchant Dam,Pioneer,Barramundi,450
9/02/2015,Leslie Dam,Condamine and Balonne,Golden Perch,34700
10/02/2015,Tinaroo Dam,Barron,Barramundi,910
10/02/2015,Tinaroo Dam,Barron,Barramundi,750
11/02/2015,Leslie Dam,Condamine and Balonne,Golden Perch,35400
12/02/2015,Leslie Dam,Condamine and Balonne,Golden Perch,24070
14/02/2015,Borumba Dam,Mary,Golden Perch,40000
14/02/2015,Wuruma Dam,Burnett,Australian Bass,54545
14/02/2015,Leslie Dam,Condamine and Balonne,Golden Perch,37000
15/02/2015,Tinaroo Dam,Barron,Barramundi,520
27/02/2015,Connolly Dam,Condamine and Balonne,Silver Perch,1500
27/02/2015,Condamine River (Upper - Warwick),Condamine and Balonne,Silver Perch,1500
27/02/2015,Leslie Dam,Condamine and Balonne,Silver Perch,15000
28/02/2015,Callide Dam,Fitzroy,Golden Perch,28000
5/03/2015,Storm King Dam,Border Rivers,Silver Perch,5918
8/03/2015,Fitzroy River Barrage,Fitzroy,Barramundi,219
8/03/2015,Fitzroy River Barrage,Fitzroy,Barramundi,1155
13/03/2015,Lake Awoonga,Gladstone,Barramundi,80000
14/03/2015,Paradise Dam,Burnett,Australian Bass,18181
16/03/2015,Peter Faust Dam,Whitsundays,Barramundi,2000
22/03/2015,Kinchant Dam,Pioneer,Barramundi,1500
22/03/2015,Peter Faust Dam,Whitsundays,Barramundi,2000
22/03/2015,Fairbairn Dam,Fitzroy,Barramundi,38000
28/03/2015,Fairbairn Dam,Fitzroy,Golden Perch,41000
28/03/2015,Mount Morgan Big Dam,Fitzroy,Golden Perch,7000
28/03/2015,Mount Morgan Big Dam,Fitzroy,Silver Perch,1500
28/03/2015,Bedford Weir,Fitzroy,Golden Perch,36363
30/03/2015,Peter Faust Dam,Whitsundays,Barramundi,2000
1/04/2015,Wivenhoe Dam,Brisbane,Golden Perch,58361
1/04/2015,Somerset Dam,Brisbane,Golden Perch,72122
18/04/2015,Norman River,Gulf,Barramundi,34996
18/04/2015,Norman River,Gulf,Barramundi,3562
19/04/2015,Fitzroy River Barrage,Fitzroy,Barramundi,532
20/04/2015,Norman River,Gulf,Barramundi,32735
4/05/2015,Lake Moondarra (Leichardt River Dam),Gulf,Barramundi,33000
6/05/2015,Lake Awoonga,Gladstone,Barramundi,52700
12/05/2015,Lake Awoonga,Gladstone,Barramundi,45400
14/05/2015,Lake Awoonga,Gladstone,Barramundi,21050
15/05/2015,Lake Awoonga,Gladstone,Barramundi,98996
28/05/2015,Lake Awoonga,Gladstone,Barramundi,1500
2/06/2015,Lake Awoonga,Gladstone,Barramundi,845
14/08/2015,Lake Awoonga,Gladstone,Barramundi,30
30/09/2015,Burdekin Dam/Lake Dalrymple,Burdekin,Barramundi,20000
10/10/2015,Black Weir,Townsville,Barramundi,1000
16/10/2015,Tinaroo Dam,Barron,Barramundi,1800
21/10/2015,Wivenhoe Dam,Brisbane,Australian Bass,103356
22/10/2015,Tinaroo Dam,Barron,Barramundi,3030
22/10/2015,Lake Awoonga,Gladstone,Barramundi,67613
27/10/2015,Fred Haigh Dam (Lake Monduran),Kolan,Barramundi,80000
31/10/2015,Tinaroo Dam,Barron,Barramundi,1100
31/10/2015,Aplins Weir,Townsville,Barramundi,44
31/10/2015,Eungella Dam,Burdekin,Barramundi,1672
8/11/2015,Somerset Dam,Brisbane,Australian Bass,198565
8/11/2015,Wivenhoe Dam,Brisbane,Australian Bass,124470
16/11/2015,Lake Awoonga,Gladstone,Sea Mullet,5325
16/11/2015,Fred Haigh Dam (Lake Monduran),Kolan,Barramundi,15530
21/11/2015,Callide Dam,Fitzroy,Barramundi,15100
22/11/2015,Boondooma Dam,Burnett,Australian Bass,66188
22/11/2015,Gordonbrook Dam,Burnett,Australian Bass,29648
28/11/2015,Lake Kurwongbah (Sideling Creek Dam),Pine,Golden Perch,18000
28/11/2015,Lake Kurwongbah (Sideling Creek Dam),Pine,Australian Bass,9320
29/11/2015,Lenthalls Dam (Lake Lenthall),Mary,Barramundi,15000
29/11/2015,Lenthalls Dam (Lake Lenthall),Mary,Australian Bass,10908
29/11/2015,Lenthalls Dam (Lake Lenthall),Mary,Australian Bass,14548
4/12/2015,Lake MacDonald,Mary,Golden Perch,15786
4/12/2015,Lake MacDonald,Mary,Australian Bass,30000
5/12/2015,Wuruma Dam,Burnett,Australian Bass,52749
5/12/2015,Eungella Dam,Burdekin,Barramundi,2661
10/12/2015,Moogerah Dam,Brisbane,Australian Bass,65984
10/12/2015,Maroon Dam,Logan,Golden Perch,30490
10/12/2015,Maroon Dam,Logan,Australian Bass,36584
10/12/2015,Moogerah Dam,Brisbane,Golden Perch,54985
11/12/2015,Fred Haigh Dam (Lake Monduran),Kolan,Barramundi,8132
12/12/2015,Callide Dam,Fitzroy,Barramundi,15519
13/12/2015,Lake Gregory,Burnett,Australian Bass,15000
13/12/2015,Paradise Dam,Burnett,Barramundi,7307
13/12/2015,Coolmunda Dam,Border Rivers,Murray Cod,10000
13/12/2015,Coolmunda Dam,Border Rivers,Silver Perch,15000
13/12/2015,Coolmunda Dam,Border Rivers,Golden Perch,91365
14/12/2015,Lake Awoonga,Gladstone,Barramundi,57304
14/12/2015,Lake Awoonga,Gladstone,Barramundi,22627
19/12/2015,Condamine River (Upper - Warwick),Condamine and Balonne,Murray Cod,2000
19/12/2015,Wivenhoe Dam,Brisbane,Golden Perch,51434
19/12/2015,Somerset Dam,Brisbane,Golden Perch,82052
19/12/2015,Connolly Dam,Condamine and Balonne,Murray Cod,500
19/12/2015,Leslie Dam,Condamine and Balonne,Murray Cod,5000
20/12/2015,Boondooma Dam,Burnett,Golden Perch,83376
31/12/2015,Glenlyon Dam,Border Rivers,Golden Perch,85000
5/01/2016,Borumba Dam,Mary,Golden Perch,40000
5/01/2016,Borumba Dam,Mary,Australian Bass,22000
5/01/2016,Glenlyon Dam,Border Rivers,Murray Cod,4545
7/01/2016,Cooby Dam,Condamine and Balonne,Golden Perch,25000
7/01/2016,Cooby Dam,Condamine and Balonne,Murray Cod,3000
9/01/2016,Storm King Dam,Border Rivers,Murray Cod,4000
9/01/2016,Storm King Dam,Border Rivers,Golden Perch,13923
10/01/2016,North Pine Dam,Pine,Australian Bass,30000
10/01/2016,North Pine Dam,Pine,Golden Perch,145000
16/01/2016,Cania Dam,Burnett,Australian Bass,56811
16/01/2016,Condamine River (Upper - Warwick),Condamine and Balonne,Silver Perch,1500
16/01/2016,Wuruma Dam,Burnett,Golden Perch,32968
17/01/2016,Paradise Dam,Burnett,Australian Bass,10909
20/01/2016,Lake Gregory,Burnett,Saratoga,45
30/01/2016,Storm King Dam,Border Rivers,Silver Perch,1500
30/01/2016,Kinchant Dam,Pioneer,Barramundi,1700
31/01/2016,Teemburra Dam,Pioneer,Barramundi,4000
3/02/2016,Lake Dyer (Bill Gunn Dam),Brisbane,Australian Bass,6500
3/02/2016,Lake Dyer (Bill Gunn Dam),Brisbane,Golden Perch,6500
3/02/2016,Lake Dyer (Bill Gunn Dam),Brisbane,Silver Perch,6500
10/02/2016,Callide Dam,Fitzroy,Golden Perch,21820
12/02/2016,Leslie Dam,Condamine and Balonne,Silver Perch,5000
12/02/2016,Connolly Dam,Condamine and Balonne,Silver Perch,1500
12/02/2016,Leslie Dam,Condamine and Balonne,Golden Perch,7700
14/02/2016,Glenlyon Dam,Border Rivers,Silver Perch,10000
19/02/2016,Glenlyon Dam,Border Rivers,Golden Perch,100000
20/02/2016,Talgai Weir,Condamine and Balonne,Golden Perch,8695
20/02/2016,Leslie Dam,Condamine and Balonne,Golden Perch,92856
20/02/2016,Condamine River (Upper - Warwick),Condamine and Balonne,Golden Perch,20000
24/02/2016,Eungella Dam,Burdekin,Sooty Grunter,80000
25/02/2016,Cressbrook Dam,Brisbane,Golden Perch,20000
25/02/2016,Cressbrook Dam,Brisbane,Australian Bass,35000
26/02/2016,Connolly Dam,Condamine and Balonne,Golden Perch,7947
26/02/2016,Leslie Dam,Condamine and Balonne,Golden Perch,16800
27/02/2016,Theresa Creek Dam,Fitzroy,Barramundi,14200
28/02/2016,Theresa Creek Dam,Fitzroy,Golden Perch,34147
5/03/2016,Callide Dam,Fitzroy,Sleepy Cod,932
10/03/2016,Bjelke Peterson Dam,Burnett,Golden Perch,115000
10/03/2016,Bjelke Peterson Dam,Burnett,Silver Perch,15000
10/03/2016,Bjelke Peterson Dam,Burnett,Australian Bass,53000
12/03/2016,Fairbairn Dam,Fitzroy,Golden Perch,17276
12/03/2016,Fairbairn Dam,Fitzroy,Golden Perch,72728
12/03/2016,Kinchant Dam,Pioneer,Barramundi,2170
13/03/2016,Fairbairn Dam,Fitzroy,Barramundi,500
17/03/2016,Lake Awoonga,Gladstone,Barramundi,55274
19/03/2016,Fairbairn Dam,Fitzroy,Barramundi,27985
21/03/2016,Eungella Dam,Burdekin,Barramundi,3500
24/03/2016,Peter Faust Dam,Whitsundays,Barramundi,7000
26/03/2016,Wuruma Dam,Burnett,Australian Bass,40000
31/03/2016,Lake Awoonga,Gladstone,Barramundi,650
7/04/2016,Lake Awoonga,Gladstone,Barramundi,400
7/04/2016,Lake Awoonga,Gladstone,Barramundi,89
23/04/2016,Teemburra Dam,Pioneer,Barramundi,1423
23/04/2016,Kinchant Dam,Pioneer,Barramundi,473
23/05/2016,Tinaroo Dam,Barron,Barramundi,1515
11/06/2016,Aplins Weir,Townsville,Barramundi,2000
1/07/2016,Cania Dam,Burnett,Golden Perch,12000
9/08/2016,Lake Awoonga,Gladstone,Mangrove Jack,287
3/10/2016,Lake Awoonga,Gladstone,Barramundi,76201
6/10/2016,Copperlode Dam (Lake Morris),Barron,Barramundi,105
6/10/2016,Copperlode Dam (Lake Morris),Barron,Barramundi,26000
22/10/2016,Burdekin Dam/Lake Dalrymple,Burdekin,Barramundi,25700
1/11/2016,Somerset Dam,Brisbane,Australian Bass,180000
1/11/2016,Somerset Dam,Brisbane,Golden Perch,42609
1/11/2016,Wivenhoe Dam,Brisbane,Australian Bass,193500
25/11/2016,Borumba Dam,Mary,Australian Bass,40000
26/11/2016,Lake MacDonald,Mary,Australian Bass,20383
29/11/2016,Lake Awoonga,Gladstone,Barramundi,23000
30/11/2016,Lake Awoonga,Gladstone,Barramundi,1000
1/12/2016,North Pine Dam,Pine,Mary River Cod,750
1/12/2016,Lake Kurwongbah (Sideling Creek Dam),Pine,Mary River Cod,500
3/12/2016,Callide Dam,Fitzroy,Barramundi,17727
9/12/2016,Fred Haigh Dam (Lake Monduran),Kolan,Barramundi,8800
9/12/2016,Fred Haigh Dam (Lake Monduran),Kolan,Barramundi,78923
12/12/2016,Lake Awoonga,Gladstone,Barramundi,25606
12/12/2016,Boondooma Dam,Burnett,Australian Bass,87723
12/12/2016,Lake Awoonga,Gladstone,Barramundi,38541
13/12/2016,Borumba Dam,Mary,Golden Perch,40000
15/12/2016,Lake Awoonga,Gladstone,Barramundi,15961
17/12/2016,Lake Kurwongbah (Sideling Creek Dam),Pine,Australian Bass,20000
17/12/2016,Lake Kurwongbah (Sideling Creek Dam),Pine,Golden Perch,10000
17/12/2016,North Pine Dam,Pine,Golden Perch,25000
17/12/2016,North Pine Dam,Pine,Australian Bass,80000
18/12/2016,Coolmunda Dam,Border Rivers,Golden Perch,66136
18/12/2016,Coolmunda Dam,Border Rivers,Murray Cod,15000
18/12/2016,Eungella Dam,Burdekin,Barramundi,800
22/12/2016,Cressbrook Dam,Brisbane,Mary River Cod,5000
30/12/2016,Leslie Dam,Condamine and Balonne,Murray Cod,10000
30/12/2016,Connolly Dam,Condamine and Balonne,Murray Cod,667
30/12/2016,Condamine River (Upper - Warwick),Condamine and Balonne,Murray Cod,2000
31/12/2016,Glenlyon Dam,Border Rivers,Golden Perch,65000
1/01/2017,Glenlyon Dam,Border Rivers,Golden Perch,20665
6/01/2017,Boondooma Dam,Burnett,Golden Perch,51305
6/01/2017,Gordonbrook Dam,Burnett,Australian Bass,22356
6/01/2017,Peter Faust Dam,Whitsundays,Barramundi,30000
7/01/2017,Lenthalls Dam (Lake Lenthall),Mary,Australian Bass,20000
7/01/2017,Fred Haigh Dam (Lake Monduran),Kolan,Australian Bass,21818
7/01/2017,Black Weir,Townsville,Barramundi,5300
8/01/2017,Storm King Dam,Border Rivers,Silver Perch,1500
8/01/2017,Storm King Dam,Border Rivers,Murray Cod,3400
8/01/2017,Storm King Dam,Border Rivers,Golden Perch,14000
17/01/2017,Lake Awoonga,Gladstone,Barramundi,25653
17/01/2017,Lake Awoonga,Gladstone,Barramundi,13744
17/01/2017,Lake Awoonga,Gladstone,Barramundi,17257
19/01/2017,Condamine River (Upper - Warwick),Condamine and Balonne,Golden Perch,22000
19/01/2017,Leslie Dam,Condamine and Balonne,Golden Perch,149089
19/01/2017,Connolly Dam,Condamine and Balonne,Golden Perch,7364
20/01/2017,Cooby Dam,Condamine and Balonne,Golden Perch,25000
20/01/2017,Cooby Dam,Condamine and Balonne,Murray Cod,3000
21/01/2017,Glenlyon Dam,Border Rivers,Golden Perch,45000
24/01/2017,Copperlode Dam (Lake Morris),Barron,Barramundi,820
25/01/2017,Fairbairn Dam,Fitzroy,Golden Perch,61818
28/01/2017,Eungella Dam,Burdekin,Barramundi,2200
28/01/2017,Lake MacDonald,Mary,Australian Bass,9549
29/01/2017,Lake Dyer (Bill Gunn Dam),Brisbane,Australian Bass,6000
29/01/2017,Lake Dyer (Bill Gunn Dam),Brisbane,Silver Perch,3000
29/01/2017,Lake Dyer (Bill Gunn Dam),Brisbane,Golden Perch,6000
29/01/2017,Tinaroo Dam,Barron,Barramundi,4000
31/01/2017,Lake Awoonga,Gladstone,Barramundi,23200
31/01/2017,Lake Awoonga,Gladstone,Barramundi,10550
31/01/2017,Glenlyon Dam,Border Rivers,Silver Perch,10000
31/01/2017,Glenlyon Dam,Border Rivers,Silver Perch,10000
4/02/2017,Maroon Dam,Logan,Golden Perch,36480
4/02/2017,Moogerah Dam,Brisbane,Silver Perch,22232
4/02/2017,Maroon Dam,Logan,Silver Perch,14592
4/02/2017,Moogerah Dam,Brisbane,Australian Bass,26278
4/02/2017,Maroon Dam,Logan,Australian Bass,17510
4/02/2017,Moogerah Dam,Brisbane,Golden Perch,55580
7/02/2017,Tinaroo Dam,Barron,Barramundi,4000
8/02/2017,Hinze Dam,Gold Coast,Mary River Cod,1000
9/02/2017,Glenlyon Dam,Border Rivers,Golden Perch,29000
11/02/2017,Tinaroo Dam,Barron,Barramundi,4000
11/02/2017,Callide Dam,Fitzroy,Golden Perch,16068
16/02/2017,Lake Awoonga,Gladstone,Barramundi,7326
16/02/2017,Lake Awoonga,Gladstone,Barramundi,43563
16/02/2017,Lake Awoonga,Gladstone,Barramundi,27800
18/02/2017,Talgai Weir,Condamine and Balonne,Murray Cod,649
18/02/2017,Talgai Weir,Condamine and Balonne,Golden Perch,6521
18/02/2017,Tinaroo Dam,Barron,Barramundi,12000
19/02/2017,Bjelke Peterson Dam,Burnett,Silver Perch,21136
19/02/2017,Bjelke Peterson Dam,Burnett,Australian Bass,43400
19/02/2017,Coolmunda Dam,Border Rivers,Silver Perch,10000
19/02/2017,Bjelke Peterson Dam,Burnett,Golden Perch,70454
20/02/2017,Lake Awoonga,Gladstone,Barramundi,1213
20/02/2017,Condamine River (Upper - Warwick),Condamine and Balonne,Silver Perch,1500
20/02/2017,Connolly Dam,Condamine and Balonne,Silver Perch,1500
20/02/2017,Leslie Dam,Condamine and Balonne,Silver Perch,10000
21/02/2017,Lake Awoonga,Gladstone,Barramundi,1227
26/02/2017,Peter Faust Dam,Whitsundays,Barramundi,3000
27/02/2017,Cressbrook Dam,Brisbane,Golden Perch,20000
27/02/2017,Tinaroo Dam,Barron,Barramundi,11720
27/02/2017,Cressbrook Dam,Brisbane,Australian Bass,35000
5/03/2017,Teemburra Dam,Pioneer,Barramundi,5135
6/03/2017,Lake Awoonga,Gladstone,Barramundi,1763
7/03/2017,Lake Awoonga,Gladstone,Barramundi,2700
11/03/2017,Kinchant Dam,Pioneer,Barramundi,2450
12/03/2017,Cania Dam,Burnett,Australian Bass,35029
15/03/2017,Lake Awoonga,Gladstone,Barramundi,800
24/03/2017,Ben Anderson Barrage,Burnett,Barramundi,4000
25/03/2017,Lenthalls Dam (Lake Lenthall),Mary,Barramundi,9091
19/04/2017,Fairbairn Dam,Fitzroy,Barramundi,30909
22/04/2017,Eungella Dam,Burdekin,Sooty Grunter,100000
3/05/2017,Lake Awoonga,Gladstone,Barramundi,10775
11/05/2017,Lake Awoonga,Gladstone,Barramundi,896
15/05/2017,Lake Awoonga,Gladstone,Barramundi,2700
27/05/2017,Kinchant Dam,Pioneer,Barramundi,7622
27/05/2017,Borumba Dam,Mary,Silver Perch,10000
27/05/2017,Borumba Dam,Mary,Australian Bass,10000
4/06/2017,Peter Faust Dam,Whitsundays,Barramundi,7812
8/06/2017,Lake Awoonga,Gladstone,Mangrove Jack,453
8/06/2017,Lake Awoonga,Gladstone,Mangrove Jack,6055
11/06/2017,Lake Awoonga,Gladstone,Mangrove Jack,3261
1/10/2017,Fred Haigh Dam (Lake Monduran),Kolan,Barramundi,83000
28/10/2017,Lenthalls Dam (Lake Lenthall),Mary,Australian Bass,14182
4/11/2017,Tinaroo Dam,Barron,Barramundi,150
4/11/2017,Borumba Dam,Mary,Australian Bass,35000
5/11/2017,Wivenhoe Dam,Brisbane,Australian Bass,120000
8/11/2017,Lake Awoonga,Gladstone,Barramundi,38
12/11/2017,Wivenhoe Dam,Brisbane,Australian Bass,68982
18/11/2017,Gordonbrook Dam,Burnett,Australian Bass,26240
18/11/2017,Boondooma Dam,Burnett,Australian Bass,82000
21/11/2017,Hinze Dam,Gold Coast,Australian Bass,53371
1/12/2017,Wivenhoe Dam,Brisbane,Mary River Cod,2660
1/12/2017,Wyaralong Dam,Logan,Australian Bass,10000
1/12/2017,Wyaralong Dam,Logan,Mary River Cod,8500
2/12/2017,Tinaroo Dam,Barron,Barramundi,8700
3/12/2017,Teemburra Dam,Pioneer,Barramundi,7100
6/12/2017,Borumba Dam,Mary,Mary River Cod,1000
8/12/2017,Wyaralong Dam,Logan,Mary River Cod,5300
9/12/2017,Ewen Maddock Dam,Mary,Australian Bass,18477
9/12/2017,Lake MacDonald,Mary,Golden Perch,9090
9/12/2017,Woodford Weir,Brisbane,Australian Bass,3000
9/12/2017,Burdekin Dam/Lake Dalrymple,Burdekin,Barramundi,19000
9/12/2017,Woodford Weir,Brisbane,Golden Perch,1600
9/12/2017,Caboolture River Weir,Caboolture,Australian Bass,16000
9/12/2017,Baroon Pocket Dam,Mary River,Australian Bass,12211
9/12/2017,Ross River Dam,Ross,Barramundi,15000
10/12/2017,Ewen Maddock Dam,Mary,Mary River Cod,200
10/12/2017,Baroon Pocket Dam,Mary River,Mary River Cod,2500
17/12/2017,Jones Weir,Burnett,Australian Bass,6558
17/12/2017,Jones Weir,Burnett,Golden Perch,8197
19/12/2017,Bjelke Peterson Dam,Burnett,Golden Perch,109090
20/12/2017,Lake Awoonga,Gladstone,Barramundi,12411
21/12/2017,Cressbrook Dam,Brisbane,Mary River Cod,2500
23/12/2017,Claude Wharton Weir,Burnett,Australian Bass,18181
23/12/2017,Claude Wharton Weir,Burnett,Golden Perch,22727
31/12/2017,Glenlyon Dam,Border Rivers,Golden Perch,65000
1/01/2018,Lake Awoonga,Gladstone,Barramundi,13000
2/01/2018,Borumba Dam,Mary,Golden Perch,25000
4/01/2018,Lake Belmore,Gulf,Barramundi,18123
4/01/2018,Connolly Dam,Condamine and Balonne,Murray Cod,500
4/01/2018,Leslie Dam,Condamine and Balonne,Murray Cod,5910
7/01/2018,Boondooma Dam,Burnett,Golden Perch,111364
12/01/2018,Cressbrook Dam,Brisbane,Golden Perch,25000
12/01/2018,Cressbrook Dam,Brisbane,Australian Bass,30000
13/01/2018,Bjelke Peterson Dam,Burnett,Silver Perch,9090
13/01/2018,Somerset Dam,Brisbane,Golden Perch,60035
13/01/2018,Bjelke Peterson Dam,Burnett,Australian Bass,56000
13/01/2018,Surat Weir,Condamine and Balonne,Murray Cod,3400
13/01/2018,Surat Weir,Condamine and Balonne,Silver Perch,20833
13/01/2018,Surat Weir,Condamine and Balonne,Golden Perch,31250
14/01/2018,Goondiwindi (Hilton) Weir,Border Rivers,Murray Cod,2900
14/01/2018,Goondiwindi (Hilton) Weir,Border Rivers,Golden Perch,30000
14/01/2018,Leslie Dam,Condamine and Balonne,Golden Perch,62000
14/01/2018,North Pine Dam,Pine,Australian Bass,80000
14/01/2018,North Pine Dam,Pine,Golden Perch,25000
14/01/2018,North Pine Dam,Pine,Silver Perch,5000
14/01/2018,Storm King Dam,Border Rivers,Golden Perch,13190
14/01/2018,Storm King Dam,Border Rivers,Murray Cod,1885
14/01/2018,Lake Kurwongbah (Sideling Creek Dam),Pine,Australian Bass,20000
15/01/2018,Cooby Dam,Condamine and Balonne,Murray Cod,1400
15/01/2018,Cooby Dam,Condamine and Balonne,Golden Perch,25000
17/01/2018,Connolly Dam,Condamine and Balonne,Golden Perch,6072
17/01/2018,Leslie Dam,Condamine and Balonne,Golden Perch,45000
20/01/2018,Talgai Weir,Condamine and Balonne,Golden Perch,6525
20/01/2018,Callide Dam,Fitzroy,Golden Perch,38709
20/01/2018,Kinchant Dam,Pioneer,Barramundi,3510
20/01/2018,Tinaroo Dam,Barron,Barramundi,14500
21/01/2018,Leslie Dam,Condamine and Balonne,Golden Perch,26928
21/01/2018,Leslie Dam,Condamine and Balonne,Murray Cod,9100
21/01/2018,Somerset Dam,Brisbane,Australian Bass,158490
25/01/2018,Glenlyon Dam,Border Rivers,Golden Perch,77500
25/01/2018,Callide Dam,Fitzroy,Barramundi,6153
26/01/2018,Peter Faust Dam,Whitsundays,Barramundi,9750
27/01/2018,Bonshaw Weir,Border Rivers,Golden Perch,10874
27/01/2018,Bonshaw Weir,Border Rivers,Golden Perch,2520
27/01/2018,Beebo Weir,Border Rivers,Golden Perch,2173
27/01/2018,Glenarbon Weir,Border Rivers,Golden Perch,2173
31/01/2018,Maroon Dam,Logan,Golden Perch,21241
31/01/2018,Moogerah Dam,Brisbane,Australian Bass,55476
31/01/2018,Maroon Dam,Logan,Australian Bass,25611
31/01/2018,Moogerah Dam,Brisbane,Golden Perch,46227
2/02/2018,Lake Dyer (Bill Gunn Dam),Brisbane,Golden Perch,13727
2/02/2018,Lake Dyer (Bill Gunn Dam),Brisbane,Australian Bass,4000
2/02/2018,Lake Dyer (Bill Gunn Dam),Brisbane,Silver Perch,4000
3/02/2018,Paradise Dam,Burnett,Australian Bass,18181
4/02/2018,Glenlyon Dam,Border Rivers,Golden Perch,3800
10/02/2018,Coolmunda Dam,Border Rivers,Golden Perch,99659
10/02/2018,Coolmunda Dam,Border Rivers,Silver Perch,15000
10/02/2018,Coolmunda Dam,Border Rivers,Murray Cod,500
11/02/2018,Whetstone Weir,Border Rivers,Murray Cod,165
11/02/2018,Bendor Weir,Border Rivers,Murray Cod,170
11/02/2018,Lemon Tree Weir,Condamine and Balonne,Murray Cod,166
11/02/2018,Inglewood Town Weir,Border Rivers,Golden Perch,1415
11/02/2018,Yarramalong Weir,Condamine and Balonne,Murray Cod,166
11/02/2018,Yarramalong Weir,Condamine and Balonne,Golden Perch,4045
11/02/2018,Inglewood Town Weir,Border Rivers,Murray Cod,165
11/02/2018,Lemon Tree Weir,Condamine and Balonne,Golden Perch,4045
11/02/2018,Cecil Plains Weir,Condamine and Balonne,Golden Perch,4045
11/02/2018,Cecil Plains Weir,Condamine and Balonne,Murray Cod,166
11/02/2018,Bendor Weir,Border Rivers,Golden Perch,1425
11/02/2018,Whetstone Weir,Border Rivers,Golden Perch,1415
13/02/2018,Lake MacDonald,Mary,Golden Perch,14932
13/02/2018,Lake MacDonald,Mary,Australian Bass,12000
17/02/2018,Koombooloomba Dam,Tully,Barramundi,2250
17/02/2018,Tinaroo Dam,Barron,Barramundi,4200
17/02/2018,Eungella Dam,Burdekin,Barramundi,2000
18/02/2018,Kinchant Dam,Pioneer,Barramundi,1150
18/02/2018,Tinaroo Dam,Barron,Barramundi,15000
20/02/2018,Lake Awoonga,Gladstone,Barramundi,1300
24/02/2018,Cania Dam,Burnett,Golden Perch,6818
24/02/2018,Cania Dam,Burnett,Silver Perch,6818
24/02/2018,Cania Dam,Burnett,Australian Bass,36363
24/02/2018,Borumba Dam,Mary,Silver Perch,9608
1/03/2018,Lake Awoonga,Gladstone,Barramundi,10171
2/03/2018,Storm King Dam,Border Rivers,Silver Perch,1000
3/03/2018,Lenthalls Dam (Lake Lenthall),Mary,Barramundi,9000
3/03/2018,Eungella Dam,Burdekin,Barramundi,2000
3/03/2018,Connolly Dam,Condamine and Balonne,Silver Perch,1500
3/03/2018,Leslie Dam,Condamine and Balonne,Silver Perch,5000
3/03/2018,Goondiwindi (Hilton) Weir,Border Rivers,Golden Perch,40000
3/03/2018,Goondiwindi (Hilton) Weir,Border Rivers,Silver Perch,5000
7/03/2018,Gil Weir,Condamine and Balonne,Golden Perch,1300
7/03/2018,Lake Awoonga,Gladstone,Barramundi,16121
7/03/2018,Gil Weir,Condamine and Balonne,Golden Perch,20000
7/03/2018,Gil Weir,Condamine and Balonne,Silver Perch,1250
9/03/2018,Chinchilla Weir,Condamine and Balonne,Golden Perch,15540
9/03/2018,Chinchilla Weir,Condamine and Balonne,Silver Perch,10360
15/03/2018,Lake Awoonga,Gladstone,Barramundi,13260
16/03/2018,Lake Awoonga,Gladstone,Barramundi,26546
17/03/2018,Fairbairn Dam,Fitzroy,Silver Perch,26000
17/03/2018,Fairbairn Dam,Fitzroy,Golden Perch,39500
18/03/2018,Tinaroo Dam,Barron,Barramundi,12000
6/04/2018,Lake Awoonga,Gladstone,Barramundi,7000
9/04/2018,Lake Awoonga,Gladstone,Barramundi,9400
10/04/2018,Lake Awoonga,Gladstone,Barramundi,3891
10/04/2018,Lenthalls Dam (Lake Lenthall),Mary,Barramundi,5364
13/04/2018,Lake Awoonga,Gladstone,Barramundi,2313
14/04/2018,Fairbairn Dam,Fitzroy,Barramundi,9000
16/04/2018,Lake Awoonga,Gladstone,Barramundi,5639
17/04/2018,Lake Awoonga,Gladstone,Barramundi,2264
18/04/2018,Lake Awoonga,Gladstone,Barramundi,1828
2/05/2018,Lake Awoonga,Gladstone,Barramundi,14941
4/05/2018,Lake Awoonga,Gladstone,Barramundi,20678
9/05/2018,Lake Awoonga,Gladstone,Barramundi,17878
10/05/2018,Lake Awoonga,Gladstone,Barramundi,11164
11/05/2018,Koombooloomba Dam,Tully,Barramundi,3605
11/05/2018,Lake Awoonga,Gladstone,Barramundi,12200
16/05/2018,Lake Awoonga,Gladstone,Barramundi,11244
17/05/2018,Lake Awoonga,Gladstone,Barramundi,12844
23/05/2018,Lake Awoonga,Gladstone,Barramundi,11111
24/05/2018,Lake Awoonga,Gladstone,Barramundi,11140
28/05/2018,Lake Awoonga,Gladstone,Barramundi,9560
5/06/2018,Lake Awoonga,Gladstone,Barramundi,9600
11/08/2018,Ross River Dam,Ross,Barramundi,25000
